DonorB_D_2013.mp.profile_sp	DonorB_D_2016.mp.profile_sp	DonorB_D_May17.mp.profile_sp	DonorB_D_Oct17.mp.profile_sp	DonorB_P10.mp.profile_sp	DonorB_P11.mp.profile_sp	DonorB_P12.mp.profile_sp	DonorB_P13.mp.profile_sp	DonorB_P1.mp.profile_sp	DonorB_P2.mp.profile_sp	DonorB_P3.mp.profile_sp	DonorB_P4.mp.profile_sp	DonorB_P5.mp.profile_sp	DonorB_P6.mp.profile_sp	DonorB_P7.mp.profile_sp	DonorB_P8.mp.profile_sp	DonorB_P9.mp.profile_sp	PMCL293_S293.mp.profile_sp	PMCL297_S294.mp.profile_sp	PMCL356.mp.profile_sp	PMCL360.mp.profile_sp	PMCL380.mp.profile_sp	PMCL385.mp.profile_sp	PMCL399_S310.mp.profile_sp	PMCL402_S311.mp.profile_sp	PMCL634_S291.mp.profile_sp	PMCL635_S292.mp.profile_sp	PMCL636_S295.mp.profile_sp	PMCL637_S296.mp.profile_sp	PMCL656.mp.profile_sp	PMCL657.mp.profile_sp	PMCL662_S297.mp.profile_sp	PMCL663_S298.mp.profile_sp	PMCL683_S299.mp.profile_sp	PMCL684_S300.mp.profile_sp	PMCL706_S301.mp.profile_sp	PMCL708_S302.mp.profile_sp	PMCL718_S303.mp.profile_sp	PMCL719_S304.mp.profile_sp	PMCL720.mp.profile_sp	PMCL721.mp.profile_sp	PMCL726.mp.profile_sp	PMCL727.mp.profile_sp	PMCL730_S311.mp.profile_sp	PMCL731_S312.mp.profile_sp	PMCL734_S305.mp.profile_sp	PMCL735_S306.mp.profile_sp	PMCL740_S313.mp.profile_sp	PMCL741_S314.mp.profile_sp	PMCL796.mp.profile_sp	PMCL797.mp.profile_sp	PMCL800.mp.profile_sp	PMCL801.mp.profile_sp	PMCL805_S307.mp.profile_sp	PMCL806_S308.mp.profile_sp	PMCL813.mp.profile_sp	PMCL817.mp.profile_sp	PMCL818.mp.profile_sp	PMCL820_S309.mp.profile_sp	PMCL821_S310.mp.profile_sp	PMCL822.mp.profile_sp	PMCL823.mp.profile_sp	PMCL824.mp.profile_sp	PMCL825.mp.profile_sp	PMCL883.mp.profile_sp
DonorB_D_2013.mp.profile_sp	0	33.2830609290271	38.9922508089945	39.4345227451157	33.140046852829	34.2408169198922	32.8493048265741	31.4389723746346	37.5024774235914	35.6286721805727	35.4806830369736	37.341924346274	34.4487868047563	36.4683173558356	40.254815227194	37.6529131936879	38.5984723878936	33.5448326697024	30.6438596138413	36.1576620553084	38.8744032695077	32.7626565359757	38.6225045691154	32.2682249090286	31.3138535776772	37.4759309272465	38.7005314007346	32.117364238313	34.5367401995237	38.9205990705305	36.9761265773067	32.4705667822076	30.7411790216146	30.5922185936526	33.2802343311422	28.4342939160544	32.4059606569624	30.1832802566298	31.2401556416401	31.8006849329669	33.5916200151818	36.936368372456	34.9159099324942	43.0710628511523	43.9053770560111	35.1155331431692	37.5320612606003	31.3463106472956	32.4405695355395	31.9370703765436	33.1930246594373	32.795976074345	31.8596409857544	37.3185550809143	32.9667540061564	33.9412630410328	29.9123715861271	30.993176109298	33.2297645146926	31.301494272497	34.1825706837198	34.2228908709865	33.4958894681226	34.9377614214833	30.0905694009862
DonorB_D_2016.mp.profile_sp	33.2830609290271	0	37.7585031904181	41.478007849331	30.8864226280047	34.0491000797739	32.2360696275339	33.0601776363929	37.3909217885602	34.6097888569617	35.8584550297481	38.0586793679937	34.5824881715457	35.179148375739	41.1929300484109	36.9761977544681	36.0795468697067	32.8446655278966	30.0065164469068	37.3521983446935	40.9100829057704	33.0077673888066	41.4131485717565	32.4108093865065	32.0709513430678	38.0455339027774	37.9515963691308	31.5508068451916	34.1019034289209	39.0557994719648	37.3118723176811	31.3012078579123	30.3119927182503	30.1299836787724	31.6525291201817	28.1386403010971	31.9602189707445	29.4861668954617	30.9294071712566	32.1023001800833	33.2130790367834	34.8780564016485	35.4345911136107	40.1805527852414	43.248577967387	35.4063141238839	37.652413675636	30.463931538847	32.3052739688308	32.3997171946105	32.6580883410926	31.4059756978972	30.6049043841878	37.3688544252216	32.2161953114608	35.481835741816	29.8571548855336	30.177825646614	32.4286703022412	31.3809666883844	33.4299277488913	34.2508773932787	32.9458093194779	33.0957916533247	30.9398120590291
DonorB_D_May17.mp.profile_sp	38.9922508089945	37.7585031904181	0	38.611270605926	33.1615333696785	34.1315054994454	33.6234414857102	33.5334312921475	38.0098571924447	34.1278050292131	36.0861240959745	39.1426200340589	34.4173668153296	38.0603258748765	41.6918016141982	37.3542141485344	36.4563298738897	34.0572863853949	29.7221389006286	35.3451054991984	38.3957083338994	33.0578693456054	39.5904963063436	34.4014800583883	32.104620989168	37.5371085006524	37.2665218612139	33.2563034933773	34.5527763507869	38.7359646095552	36.4109300568694	32.6171166354422	31.2511026532521	30.8566658287787	33.0383769756819	28.6284525153269	32.092147392691	30.9598944867253	31.8620934812912	32.3894095694188	34.3237370280277	36.2935937389407	35.6673255116795	40.87232637391	44.7788747180141	36.0529048307597	38.1842336693567	31.6024903631109	33.0153092194192	31.8141924672294	32.9955511550782	33.3353945145846	33.2683375070218	38.3412057968454	32.6393831877681	35.5229190807119	30.175504595251	30.797417543059	33.3351699385617	32.7547454878853	35.128488928569	35.6322714931624	33.937634245555	35.3166626278408	31.4193932724077
DonorB_D_Oct17.mp.profile_sp	39.4345227451157	41.478007849331	38.611270605926	0	33.9697758466021	33.3240169402118	33.3943772514014	33.2262314983937	36.6132155063422	34.7888201556915	37.0009932302453	37.9904664746122	35.069003309469	36.1325201279876	39.2171093373922	35.1934621458621	35.6494107194694	33.6532797801557	29.9054270317105	34.68679638941	36.965815451902	34.2164857725965	36.1750726765846	33.1037336003234	31.7013138159109	38.2255288238105	38.3844392242766	33.3305370443177	35.1764465633217	37.6283302482567	37.4778507474942	32.1992504813503	31.4930842620732	30.4844666167972	33.4161289094937	29.2033018128834	33.2616489039397	29.8491205175528	31.8868196055371	32.8284147740136	35.8182988020705	38.972959543597	37.7024046937359	42.5162884788909	42.9951351456813	36.9690493809694	39.2076489775204	31.4228861570409	31.6453658148123	33.4119606345256	34.7669759075853	34.8230453313751	34.5370779700625	39.2551703542559	34.0812905696428	37.0751565340667	30.1581395915146	31.0723857574598	32.9314654919956	32.3818080011297	35.3863165132071	35.4018405998484	35.3502645188234	38.4792884652336	31.7500068462602
DonorB_P10.mp.profile_sp	33.140046852829	30.8864226280047	33.1615333696785	33.9697758466021	0	24.1678948200681	22.9704963467862	24.1294483539241	28.1035961348737	27.5555428658838	29.3946776198004	29.5484691844706	23.2337324460483	27.3915037295354	33.8593160246593	26.8922877898609	26.3022118609285	22.5808045179036	17.916359859362	27.2502442435422	30.0327720954226	23.8063549181465	33.23304793162	24.0364978970575	20.5108208098589	32.328473816979	31.4371239346052	22.5095202193986	25.6793493705455	30.024777627765	29.2201599636207	20.9010125017341	19.008397903792	19.1055643222566	22.4502687599868	16.8310125768558	20.4883460715949	18.3133588309588	19.809525521188	21.1346577370816	24.206373404104	27.2933769541045	27.2152405571957	34.5156667002401	37.3640504029274	25.9655007259377	29.1820300007495	19.9834203095234	21.3815107293268	22.1442370504909	23.296792730874	23.8623003488522	23.4897417632789	28.9985220127078	23.375083235203	26.8688008900155	19.3740675677463	19.4204813488401	22.4888543794894	21.6426221454077	23.726413987866	24.1570428734868	25.6731741454907	26.4414229940372	20.5382016034844
DonorB_P11.mp.profile_sp	34.2408169198922	34.0491000797739	34.1315054994454	33.3240169402118	24.1678948200681	0	23.3971254992217	25.635359002309	26.9920326271817	27.9033876729253	29.8896103665937	30.2816133045958	23.726045756832	27.3052477144204	31.6430772899594	27.0854500291672	26.5254894256103	22.4579248906814	17.788130078119	27.0063189792266	31.6273948465321	25.7025618660109	31.5508087624417	25.9262821269714	22.8884927621541	33.5908941549678	32.6124995673779	25.792473221684	27.506115037992	32.3408048295696	31.7432453932396	22.9138278805637	21.341037816358	19.9654220820118	23.1091498368706	18.4707313230248	22.6718822240365	18.8784562489076	21.4252206433857	22.8866614825595	26.1472874877621	28.9787495812802	28.3372615086523	35.6021015319236	37.6059001616186	28.5277551137597	31.8761623091557	21.4927965986059	22.1926679406469	24.0487522820084	25.5943506036081	25.7084400594796	25.3667652114836	30.4191523110425	25.2149953622121	27.5916348257453	20.5295718628429	21.1857819015603	24.1987961423547	23.520502842647	25.3259733954432	25.4686065525772	26.0207529355209	27.6113947007452	23.3205265950669
DonorB_P12.mp.profile_sp	32.8493048265741	32.2360696275339	33.6234414857102	33.3943772514014	22.9704963467862	23.3971254992217	0	22.1566469436121	28.9575955699685	26.0624901682439	27.5886258052125	31.2969482575104	22.2785063466319	27.4948715947854	34.6739776479484	27.6674511848993	27.3545104919832	21.7142015467658	15.8269680599359	26.6186010723027	30.6475577764403	23.451045476136	31.3398290751396	24.1862256244592	21.4342071699924	30.9797391057916	31.3826463442437	22.9136143162093	25.5057462670907	29.8205189531403	28.7794774391989	21.0016709255851	19.2206915560401	18.4914365359953	22.0697942798338	16.591659720498	21.6288144762579	18.38402608523	20.0830887327309	21.8170038276326	24.6331387033747	27.3313723186704	26.1597691949819	33.8605214181982	36.9954825537398	25.7675879632703	29.7270921633474	20.6422418683753	20.8482971906363	23.0372575354805	23.8710880332808	22.8636203097032	21.8160401784518	27.6593837269669	21.5820595934445	26.2185830723517	19.378124372833	19.2553905840668	22.4044022941962	21.253866717762	23.3302246631339	23.5709477146133	25.4611250551897	26.3470658199318	19.977658773959
DonorB_P13.mp.profile_sp	31.4389723746346	33.0601776363929	33.5334312921475	33.2262314983937	24.1294483539241	25.635359002309	22.1566469436121	0	28.2334054199956	26.1983956599659	27.5419624666374	28.6854955744765	26.682069419355	27.357146644539	32.293959614421	29.2547364647465	28.5030036989414	22.9567911746973	18.5737107859758	25.7589643651914	30.0457387521401	23.4730900495942	30.8470496271863	24.8127246851637	20.3918769871746	31.9260806309867	31.6896458588337	22.1150072311474	26.1627347066293	30.8600417699103	29.3768930447714	21.7316567426263	18.8633785332861	19.2548103482879	24.0800032610871	17.6671801282067	21.4829112655553	20.1124074698799	21.0529646249629	20.7897960963904	25.0239215932673	27.6527470820639	27.8751241411789	35.3511046753026	36.9206242952029	26.2685726008432	28.5736591410063	20.693316501008	22.7546712419216	24.4143133540928	25.8984623413646	24.0565176265588	23.3578236677392	28.4488423328454	23.1438417816718	26.283778078482	20.5734480800509	20.0358026503385	22.2494668745056	20.7083222596114	23.9073517777909	23.5507393932537	26.0892874483254	27.1169387520523	20.7256127726725
DonorB_P1.mp.profile_sp	37.5024774235914	37.3909217885602	38.0098571924447	36.6132155063422	28.1035961348737	26.9920326271817	28.9575955699685	28.2334054199956	0	26.6587942965604	28.8264798230908	31.0337033385675	32.4283953733966	23.652553558887	32.7803992831151	24.7289480778038	26.9601504196703	27.8354577092472	23.1050164142723	33.0635613620184	36.5812875714688	30.054145583433	35.220335572946	29.5090359566843	28.3192031589498	37.9247433477866	37.0898468229919	27.6991653321746	32.2940488897549	35.7545935186864	34.8517562154583	25.1906414802122	25.5128318339832	24.3954839494033	28.3965486915983	22.833078569299	26.6422164557095	23.0811746383556	23.9301636011154	28.7312895568941	30.7432056442441	32.4118861851869	31.4878550986389	38.8492082645366	40.0592130765734	30.2660328629291	33.4658951227998	25.681962217952	26.2411052326895	28.5620802070182	29.1201250225177	29.9811254810586	30.9029423139885	31.6237078369813	27.1311554835079	32.0717134549951	25.1611722097017	23.855776951792	27.3949174988172	27.8749423159251	28.0032761170958	28.6323952705911	30.4955615359345	31.630703497623	27.8973842575366
DonorB_P2.mp.profile_sp	35.6286721805727	34.6097888569617	34.1278050292131	34.7888201556915	27.5555428658838	27.9033876729253	26.0624901682439	26.1983956599659	26.6587942965604	0	24.701982234721	31.55323283979	31.7249490080563	27.4002222494828	36.23188317084	25.9027718615883	26.0715578420333	25.2060970739231	21.1536048024167	31.697720177108	33.4838445990264	27.2076776837893	35.0211956735904	25.5418021183198	26.0577597733812	34.8299708575653	34.5156353415886	25.7802078646753	29.0516702664963	33.6093932584526	33.8247629924094	23.6281404786216	24.2675701027002	23.1389311608891	25.9689108399646	20.5192051198719	24.5240539254283	21.6188838912529	23.2341032823555	28.0946993139675	29.2112377679414	29.9119981557433	28.2919070827065	35.7704691888656	38.1131241831554	29.4237816876289	32.9521174394043	24.3218619026005	25.5838387033775	25.9156660521385	26.1470573369006	27.6604001653601	28.7779873687891	30.8555713596344	25.8332497379145	30.2039145408316	22.6198313084393	22.5355325538155	25.1260724276309	25.4484542416439	26.5444481987607	26.4164836829649	26.9656003241304	29.2471019274428	24.7918890233091
DonorB_P3.mp.profile_sp	35.4806830369736	35.8584550297481	36.0861240959745	37.0009932302453	29.3946776198004	29.8896103665937	27.5886258052125	27.5419624666374	28.8264798230908	24.701982234721	0	31.5601321329721	34.1914794396789	29.98206364671	35.8164925809048	29.9255242644202	29.5231396443823	28.2706230423869	24.0640367216187	32.7174651670105	34.5238585060758	28.9557571221225	36.1574176290767	28.734042384448	26.9686890063271	36.1438245501972	34.71826298447	28.0256900280933	31.3258352317674	34.2564544119398	33.1747054058211	26.8598267586177	25.9843996359037	24.9551498755241	27.6543967837495	22.9794441626161	26.1601486026486	24.1084014522162	25.3510351762577	28.376241760022	29.2910152956146	32.2278649350796	29.9601995591592	37.9681967028113	38.8005165710523	31.2470204729846	34.0865024010516	26.3073475759105	27.4160901925209	28.4839203764858	29.465405927156	29.8469500918541	29.6135832236151	32.767691413676	27.9591500622216	31.2500367357894	24.8066018555335	25.5467701964034	26.6650357312974	27.6638595595097	27.8270375164976	27.9421452443754	30.4937867914506	31.4882478921691	26.8608111916902
DonorB_P4.mp.profile_sp	37.341924346274	38.0586793679937	39.1426200340589	37.9904664746122	29.5484691844706	30.2816133045958	31.2969482575104	28.6854955744765	31.0337033385675	31.55323283979	31.5601321329721	0	31.9893304446441	32.1145411109696	36.9040042767711	30.0472180165992	33.1178323396148	29.2928605320431	27.8002101090342	33.6446197741833	35.1362829442252	33.5716119076444	38.0015084017945	29.8325095258668	28.6863449813477	37.7907776700607	39.9468043882381	30.5855203062265	34.662684518383	37.7121391629861	37.4181861513696	30.3753082564291	29.7686553424563	27.3676282688572	31.2519280938554	26.7726867016844	29.6818189821783	27.2481948050718	28.5192495028937	30.3618429524517	33.9104482303255	33.6259269082644	34.1910661451241	40.0457777711815	40.1691482743641	34.1742851795468	36.0510222958649	29.5674799384636	31.3465517571671	33.0576347292436	34.1952908660042	33.4373998637331	33.1420889479615	36.3800393803341	31.2690478848759	33.5469543089916	29.3435478801852	28.5724822965242	30.8703510757838	31.1110088419181	31.8971051354614	32.4364889579306	30.6719600666948	32.2255745973117	31.0633263579605
DonorB_P5.mp.profile_sp	34.4487868047563	34.5824881715457	34.4173668153296	35.069003309469	23.2337324460483	23.726045756832	22.2785063466319	26.682069419355	32.4283953733966	31.7249490080563	34.1914794396789	31.9893304446441	0	32.2977102424248	34.8015725960761	31.7917558125946	30.622655335125	24.1092175879664	20.5643793524584	28.8854731077616	30.6187497207071	25.704328062914	32.9760313474628	25.6648628402442	23.1415603086549	33.499097528347	32.87221804746	26.2459539713284	27.3587451082139	32.7654986807538	31.7377149892876	25.3603947669772	23.8741730762212	22.0591683309369	24.556393059297	20.6265504604351	24.3585104461466	23.0816134202059	24.4545988638649	23.404187762374	27.9223791306159	29.6473655822708	28.5652235429252	36.1520113905525	39.3717109456924	29.2023603872935	32.0534614143647	23.3871635379375	24.3662828141643	25.7351255508225	26.9561109252111	26.5115394597705	25.3503333244769	31.0375321830232	26.5049032407329	28.5918825261869	22.3580446695456	22.5985889389458	25.5902076874197	24.638459287335	28.387332802778	28.6011631769876	27.1656909205637	29.6203519554009	23.6468984171289
DonorB_P6.mp.profile_sp	36.4683173558356	35.179148375739	38.0603258748765	36.1325201279876	27.3915037295354	27.3052477144204	27.4948715947854	27.357146644539	23.652553558887	27.4002222494828	29.98206364671	32.1145411109696	32.2977102424248	0	32.9872553846532	22.689806151916	23.8747757519999	26.950682517941	22.5994546195652	32.6574178547127	36.7276936894042	28.7366630231288	36.0525062972162	28.1399250641886	26.4795826502525	37.3016265153401	36.4590791789745	28.3210454244822	31.9373378872069	34.1724962867694	34.1827929174801	25.4813375579116	24.9951421316869	24.1817062703641	28.3912629536681	22.2332578335293	27.1623468888618	22.8603925229826	23.8395653965613	28.3835910145353	30.5924142828097	30.9266800455189	32.3713759610057	38.803013491121	40.7956108197163	30.413138464602	33.7536204224338	24.8044311485686	25.4554709316709	27.5113042330346	28.3040326379334	30.0246167764157	29.902913402786	32.8077648079329	27.5078472157213	31.859644533329	24.7426232031997	23.8302314927537	26.070446841673	26.4463568957683	28.2881780926257	28.6160573575921	29.8516947495383	31.6823788510384	26.250988649652
DonorB_P7.mp.profile_sp	40.254815227194	41.1929300484109	41.6918016141982	39.2171093373922	33.8593160246593	31.6430772899594	34.6739776479484	32.293959614421	32.7803992831151	36.23188317084	35.8164925809048	36.9040042767711	34.8015725960761	32.9872553846532	0	34.673972694055	33.6408790537328	33.0089420103911	30.2229638595839	35.3425622798318	37.953773092544	33.9185607759287	38.0140982398288	33.7001481088906	31.5788989011106	40.6168900077891	39.7316302170454	32.230748520836	34.5618245178859	39.2026537164353	38.3038399533088	31.5765732930526	30.8958000515793	30.34518137674	32.1382500488052	28.8710707222969	31.9821474040846	29.6196835622344	30.4407698838808	31.8717421985226	34.6118357146211	36.9030729421739	36.1131795070008	42.7530066427544	43.8324662083706	35.8673832244236	37.7172767070607	31.2532528045909	31.7767842539316	32.8355050169864	34.1057471722101	34.5747525241135	33.5353024835415	37.0228095531601	34.0155284621735	36.100787859625	29.737685902469	30.0422069849699	33.0914694057595	33.7715634897693	34.4447946189427	34.8551098781997	35.1908258398466	37.0089947791523	32.3748920193111
DonorB_P8.mp.profile_sp	37.6529131936879	36.9761977544681	37.3542141485344	35.1934621458621	26.8922877898609	27.0854500291672	27.6674511848993	29.2547364647465	24.7289480778038	25.9027718615883	29.9255242644202	30.0472180165992	31.7917558125946	22.689806151916	34.673972694055	0	23.546518804916	26.9965962838272	22.8322225048001	32.6988151378476	36.3530187191246	29.5554798513904	36.4471624668011	28.8994512001916	27.1356230884601	36.5724200735863	36.9145708806928	28.0384234472173	31.7858557948355	33.5719973745276	34.6363557276775	24.8404178531583	25.48150147956	23.6021507196265	27.9339095375834	22.3951860473173	26.5937256272906	22.7173401570819	24.3175976416249	28.8679424213904	30.943164493663	33.1881184681851	32.2407473182503	39.0898324688494	40.392864375493	30.7537063565484	34.5179296232749	25.0908567749221	25.9219768545492	28.0529273475321	29.3895313213338	29.1807057246859	30.019895378033	32.5680754456941	26.661876597665	31.309530446667	24.5290624796619	24.057747955363	27.1625981102491	27.4328402933288	28.0744239416802	28.2860373902541	30.1568602094806	31.7736598374931	26.2458566017083
DonorB_P9.mp.profile_sp	38.5984723878936	36.0795468697067	36.4563298738897	35.6494107194694	26.3022118609285	26.5254894256103	27.3545104919832	28.5030036989414	26.9601504196703	26.0715578420333	29.5231396443823	33.1178323396148	30.622655335125	23.8747757519999	33.6408790537328	23.546518804916	0	26.9539070106255	22.6518778516995	31.9953132610033	36.4807409183592	27.8270550570592	36.082504876693	28.38835913212	26.4217346625345	36.9410933150405	35.8615060838936	27.3664855816658	30.2531797564415	34.4103277676914	34.9216516527844	24.0344917709229	24.5351173654273	23.8292739008263	26.8088765600882	21.8989366040415	26.4951484463209	23.1101720213302	24.8180854791668	27.5020575241678	30.0048076715078	32.2545296193604	31.1281510658166	38.2306568169196	39.9542067663373	30.6085769554048	33.7356063946242	24.7860670240789	25.3530427568099	26.4686778950759	27.9491040679006	29.1862340229776	29.2347002910328	31.2667523438328	26.3028000075869	30.5182682927392	24.448301746913	23.860903330738	26.3182387469576	27.1651033120458	27.8125510382766	27.8961436875689	29.5247784374076	32.0275455979093	26.0470470171147
PMCL293_S293.mp.profile_sp	33.5448326697024	32.8446655278966	34.0572863853949	33.6532797801557	22.5808045179036	22.4579248906814	21.7142015467658	22.9567911746973	27.8354577092472	25.2060970739231	28.2706230423869	29.2928605320431	24.1092175879664	26.950682517941	33.0089420103911	26.9965962838272	26.9539070106255	0	15.7753076214049	26.2211260650627	29.959364751465	23.3687487882569	31.7513909477256	24.2176559397609	20.1047959494263	32.7087130969738	32.1981227410164	23.0871358493883	25.2874369195799	31.4828223114232	30.277836987377	21.5538073181369	19.2234697911464	18.6064735525509	21.3939906147084	17.3392825835405	21.6745956883789	17.1809254895871	20.0654271412681	21.9621507779145	25.4193128510251	27.5386997405622	27.2996928892811	35.8132887478583	38.4422888597456	25.5659551735369	29.9986465034144	21.1494322881953	21.9723192429263	24.5592224128992	25.2430635464419	24.0684428877656	23.4471741654332	28.7798096254999	23.0126578228855	26.9837314260355	18.8730291326706	19.9888811045256	24.2693475510819	22.0706235403631	23.4409746222463	23.7632470243439	25.5192795343378	26.829410736582	20.815948806403
PMCL297_S294.mp.profile_sp	30.6438596138413	30.0065164469068	29.7221389006286	29.9054270317105	17.916359859362	17.788130078119	15.8269680599359	18.5737107859758	23.1050164142723	21.1536048024167	24.0640367216187	27.8002101090342	20.5643793524584	22.5994546195652	30.2229638595839	22.8322225048001	22.6518778516995	15.7753076214049	0	23.1087368001242	27.9410306716692	19.6382956723593	28.2546319718081	21.2164547535259	16.0573693469415	29.2376179915548	27.263510529565	18.8000277568423	22.0846293708964	26.7904482242146	25.4726265556335	15.7420740767633	13.9170222417075	12.0908891735373	16.3750384991537	8.8930470505932	16.5000904208008	9.04516061517923	13.1836038735515	17.7232911116593	21.0841770798877	24.043690293135	23.0077468182041	31.6125407987244	34.9518877187496	21.4201155795513	26.3275865994525	14.5095783441097	15.3662767386052	18.6099532273665	19.8149268724013	18.6754704917599	18.8911041252854	24.7333573819863	17.2304436097343	22.6181649641236	12.9923233413015	13.016105650513	17.4548333282419	16.821251410718	19.0771332319289	19.5586368750797	21.3773256824977	22.7768053438602	14.8846969437138
PMCL356.mp.profile_sp	36.1576620553084	37.3521983446935	35.3451054991984	34.68679638941	27.2502442435422	27.0063189792266	26.6186010723027	25.7589643651914	33.0635613620184	31.697720177108	32.7174651670105	33.6446197741833	28.8854731077616	32.6574178547127	35.3425622798318	32.6988151378476	31.9953132610033	26.2211260650627	23.1087368001242	0	29.0699041569741	27.5700546846847	29.8454286092705	27.3477746304104	22.6303597517352	33.3276060746241	32.6160571109327	25.9777575481019	27.5149997194749	32.235240676327	31.7076778383308	25.2758100747269	23.7644656016368	23.3723052384913	26.4336914152857	22.0260978576066	25.8439107261452	23.8129624508241	25.0202493925009	24.0468486642599	28.7370176169415	32.0551977250401	31.3022733974681	38.0530915617981	41.0363842414953	29.2799453128975	31.9143176803787	24.6372681735969	26.057674660928	26.1064977057235	28.139422788125	28.6123012507215	27.7377171063282	32.7393369772867	26.6825998838467	29.2651410994347	23.2660309316453	24.5229010318309	26.7869698492092	25.1813297705412	28.2183991857012	27.3999806175761	30.8252079516851	31.9559268706194	24.7756803433311
PMCL360.mp.profile_sp	38.8744032695077	40.9100829057704	38.3957083338994	36.965815451902	30.0327720954226	31.6273948465321	30.6475577764403	30.0457387521401	36.5812875714688	33.4838445990264	34.5238585060758	35.1362829442252	30.6187497207071	36.7276936894042	37.953773092544	36.3530187191246	36.4807409183592	29.959364751465	27.9410306716692	29.0699041569741	0	30.7102093519651	32.4866005442258	29.525709978646	26.5649742082926	35.9987084595286	35.8412393107747	29.3514959651262	31.1180614486507	35.4047528082552	35.9082737554593	29.0670099993858	28.2670957089165	28.1094927622668	29.9306272187805	26.5469021553869	29.3036609203958	28.270413224949	29.0541214322777	28.0330637819763	31.9844286155007	35.4832717514606	35.2880148143653	41.0257133619834	42.9552389149269	33.6968477855661	36.0089470863911	28.946983603996	31.431845557389	30.5765686989601	32.2873668157117	31.3631439246383	30.0141645182597	35.4657473928489	31.2088552101856	32.2586634089726	26.886251829536	28.3415440277726	29.6664155751483	29.0892938668741	31.9575264525806	32.3197167805183	34.1873699012961	35.5149017612919	28.575545765529
PMCL380.mp.profile_sp	32.7626565359757	33.0077673888066	33.0578693456054	34.2164857725965	23.8063549181465	25.7025618660109	23.451045476136	23.4730900495942	30.054145583433	27.2076776837893	28.9557571221225	33.5716119076444	25.704328062914	28.7366630231288	33.9185607759287	29.5554798513904	27.8270550570592	23.3687487882569	19.6382956723593	27.5700546846847	30.7102093519651	0	33.0476755643556	25.8981930381298	21.4034321250535	32.7624713510112	30.788214970836	22.234434837902	24.9242156987155	30.739561830033	29.7063002559036	20.4212105406851	19.4469138403953	20.0776893080706	23.7959707280217	17.6802329733063	22.51536622723	20.0616186964419	21.7027512326311	21.6705388757102	23.6121692243708	29.0844986391329	27.9709203315473	35.0899315923444	39.3278743080775	22.799835550546	26.8613866688173	22.1004816792745	22.4090740521913	22.0862399405585	23.4015449228454	24.4531434724262	23.5040218385986	26.6188333721737	21.8080924267013	27.1977342687989	18.3151266583795	21.4293218098706	23.7764593737652	21.6931700193388	22.796145978585	23.4999817847765	25.4673845401595	28.6290442882848	20.3483966521499
PMCL385.mp.profile_sp	38.6225045691154	41.4131485717565	39.5904963063436	36.1750726765846	33.23304793162	31.5508087624417	31.3398290751396	30.8470496271863	35.220335572946	35.0211956735904	36.1574176290767	38.0015084017945	32.9760313474628	36.0525062972162	38.0140982398288	36.4471624668011	36.082504876693	31.7513909477256	28.2546319718081	29.8454286092705	32.4866005442258	33.0476755643556	0	32.4944581053736	29.1441260185897	35.6657936309201	35.5042309470779	31.0068041802783	32.2573053603482	35.1824777472148	35.2357103649494	30.5046799517414	29.2917138818772	28.8366535964141	30.8211243593136	27.3741727702768	31.0719452773472	29.1296409252974	29.9711243296915	29.1514252985941	32.6598175623318	36.536861129927	36.1609460579641	42.1655094088292	42.4542572260895	34.172947077151	35.5050668357391	30.788648569332	30.5157140187362	31.7355467702131	33.1843551738833	33.2377209026111	32.3227450266594	36.8625448588179	32.2385154731043	33.1112250760048	28.8614839488217	29.4147166240595	31.6083210374684	30.4123495901824	32.1504938630142	32.6175710783867	35.7497481201627	37.414453731338	30.6893648652623
PMCL399_S310.mp.profile_sp	32.2682249090286	32.4108093865065	34.4014800583883	33.1037336003234	24.0364978970575	25.9262821269714	24.1862256244592	24.8127246851637	29.5090359566843	25.5418021183198	28.734042384448	29.8325095258668	25.6648628402442	28.1399250641886	33.7001481088906	28.8994512001916	28.38835913212	24.2176559397609	21.2164547535259	27.3477746304104	29.525709978646	25.8981930381298	32.4944581053736	0	17.9185767017703	31.6543139388262	33.6130827553127	24.4438881447335	26.0443801570859	32.1506430052259	31.9196201321209	24.5411591410521	24.6830471860268	21.074474222148	24.7196388886873	19.5491044998661	24.9506737598941	21.5550350341651	24.8731573360047	22.8228324215983	27.4743119192304	28.5360526932125	28.659525123444	35.9646050391324	38.2194464490858	29.1846065201532	32.2286303744581	23.04454884865	24.8409320979143	26.1417103590847	27.7319978808585	27.5319682781987	25.3931336753771	30.981841097429	26.2696701763145	28.2175559221846	21.8669672942494	22.0987756481817	24.6442781936936	24.274324374877	26.8188068337507	27.8773668764135	26.2539216063383	29.0254894646188	23.5460496096954
PMCL402_S311.mp.profile_sp	31.3138535776772	32.0709513430678	32.104620989168	31.7013138159109	20.5108208098589	22.8884927621541	21.4342071699924	20.3918769871746	28.3192031589498	26.0577597733812	26.9686890063271	28.6863449813477	23.1415603086549	26.4795826502525	31.5788989011106	27.1356230884601	26.4217346625345	20.1047959494263	16.0573693469415	22.6303597517352	26.5649742082926	21.4034321250535	29.1441260185897	17.9185767017703	0	30.1002038239509	30.228850116643	21.4548123770634	23.1206031527008	27.9820158553321	28.968263959664	20.5133127413558	19.0786579882256	15.9050827941728	21.0163938798921	15.0114105798448	20.5070384653995	16.686399239026	20.2586295707944	17.6231714812859	23.7460134242755	27.2477483627478	26.1300585210868	34.9765724227578	37.9938872232613	24.0649686424058	27.3516148987711	18.1500786090978	20.8005074227538	21.8715822934505	23.6405719082836	23.4723252133809	22.2423629674472	27.7090962152783	21.66897144684	24.8501037376214	17.2372903029885	17.3283143337632	20.5488163381285	19.3866639462908	22.7832278037404	24.0029578315861	24.0811051563549	26.7719405419988	18.0463154098599
PMCL634_S291.mp.profile_sp	37.4759309272465	38.0455339027774	37.5371085006524	38.2255288238105	32.328473816979	33.5908941549678	30.9797391057916	31.9260806309867	37.9247433477866	34.8299708575653	36.1438245501972	37.7907776700607	33.499097528347	37.3016265153401	40.6168900077891	36.5724200735863	36.9410933150405	32.7087130969738	29.2376179915548	33.3276060746241	35.9987084595286	32.7624713510112	35.6657936309201	31.6543139388262	30.1002038239509	0	29.243709038288	31.4179991580436	32.7758845551106	35.6157668508756	35.7560572013803	31.428226522261	29.8733794707613	28.9908168289792	31.336520576049	27.740549705592	30.4987304418152	29.6795739672017	31.5249178894822	28.893975266812	30.7399520098169	33.9307359632667	34.023963937664	38.8789113266296	43.0823712887797	36.0096795850013	37.5315318147184	29.7115257340509	30.2834907451803	31.088541780666	31.4534156152909	31.3605012056895	31.3972056981887	38.6453578989664	32.4269364402016	34.3200001414676	28.0238091571196	30.0377324032655	32.1711347670714	30.3301938571599	33.5947551293912	34.1016951001648	31.3920446701697	34.2973236922568	29.1791331831359
PMCL635_S292.mp.profile_sp	38.7005314007346	37.9515963691308	37.2665218612139	38.3844392242766	31.4371239346052	32.6124995673779	31.3826463442437	31.6896458588337	37.0898468229919	34.5156353415886	34.71826298447	39.9468043882381	32.87221804746	36.4590791789745	39.7316302170454	36.9145708806928	35.8615060838936	32.1981227410164	27.263510529565	32.6160571109327	35.8412393107747	30.788214970836	35.5042309470779	33.6130827553127	30.228850116643	29.243709038288	0	30.2749589807256	29.6741333060778	33.5537090603929	33.1644555581665	30.1971712442697	28.2284833352007	30.1229022958072	30.4683618249722	27.1259445300398	30.7774467486832	29.1815381144392	29.2955981856805	29.5208177105966	31.1986157856378	35.1371071913395	33.8493864615731	38.5221872208308	43.4467416655289	34.7563618853557	36.7763460384069	28.9689902366284	29.4335026801412	30.419781366685	30.9984169774909	29.9234355353876	30.4666927650744	37.0723780115099	31.1240378279867	33.4658585828689	27.7258941387071	29.2909756120191	30.5411931856727	29.0246893296509	32.8628654348327	32.0460036702255	32.7178546379148	33.844864602339	28.4181557287628
PMCL636_S295.mp.profile_sp	32.117364238313	31.5508068451916	33.2563034933773	33.3305370443177	22.5095202193986	25.792473221684	22.9136143162093	22.1150072311474	27.6991653321746	25.7802078646753	28.0256900280933	30.5855203062265	26.2459539713284	28.3210454244822	32.230748520836	28.0384234472173	27.3664855816658	23.0871358493883	18.8000277568423	25.9777575481019	29.3514959651262	22.234434837902	31.0068041802783	24.4438881447335	21.4548123770634	31.4179991580436	30.2749589807256	0	21.1480051184198	30.5080382741018	30.0612505974205	20.9351288648667	17.989088154324	19.483975748878	22.4489534644391	16.719496881105	22.1108833082784	19.228119578674	19.369842745579	21.9426159401031	24.66938332646	27.9604207783511	27.9435703192225	34.9056313294581	37.6371969880776	25.1607855542845	29.0180929731128	20.7045830137108	22.5781167573525	22.4253570766437	24.2410257002983	23.7084735957427	22.3879538547403	26.6142980436809	22.2785262141297	26.9282164637048	18.6188520584974	19.642556077101	22.8827995687511	21.321351720052	24.0129358365561	23.894568045892	25.2337254813542	26.3724087020246	20.8482757612696
PMCL637_S296.mp.profile_sp	34.5367401995237	34.1019034289209	34.5527763507869	35.1764465633217	25.6793493705455	27.506115037992	25.5057462670907	26.1627347066293	32.2940488897549	29.0516702664963	31.3258352317674	34.662684518383	27.3587451082139	31.9373378872069	34.5618245178859	31.7858557948355	30.2531797564415	25.2874369195799	22.0846293708964	27.5149997194749	31.1180614486507	24.9242156987155	32.2573053603482	26.0443801570859	23.1206031527008	32.7758845551106	29.6741333060778	21.1480051184198	0	32.5632210623084	31.9576322930803	23.6270649598518	21.7470379683178	22.8840897629534	24.3605598324667	20.2580578875561	24.9500557760553	23.212086894745	24.1116183316523	24.4315881843192	27.023288823278	30.468766678527	29.2773114803372	36.3073765558399	39.0423585054976	28.2670419845744	31.4750340681959	22.7774114210713	24.6583585924651	24.269816029451	25.7093028738615	25.9746045418436	24.2792222997507	29.9137861920177	24.6734452149417	28.7877762011896	21.4824107026423	22.9471630026819	25.8514075489479	24.3488897376904	27.3246732317763	27.3899872972347	28.4639605877178	29.7025095810914	23.2925188621995
PMCL656.mp.profile_sp	38.9205990705305	39.0557994719648	38.7359646095552	37.6283302482567	30.024777627765	32.3408048295696	29.8205189531403	30.8600417699103	35.7545935186864	33.6093932584526	34.2564544119398	37.7121391629861	32.7654986807538	34.1724962867694	39.2026537164353	33.5719973745276	34.4103277676914	31.4828223114232	26.7904482242146	32.235240676327	35.4047528082552	30.739561830033	35.1824777472148	32.1506430052259	27.9820158553321	35.6157668508756	33.5537090603929	30.5080382741018	32.5632210623084	0	29.1742316740298	29.8456567829726	28.0804871905377	27.57996756954	30.9658703065489	26.1771181623589	29.7109170245402	27.7272361882458	28.2708976517928	29.3466096998289	31.5433578960275	35.5371115195817	35.2913005549046	40.6590367111038	42.8029881797012	33.1145854759483	36.3786303046744	28.7630417675406	30.9061550456397	30.1332735889117	32.2024204827716	30.3685796316905	30.6107154363986	34.7851572264442	29.6154634351242	32.1668505366064	27.3883127895185	28.2185061202598	29.9883621056911	29.4401638432717	31.3219208044288	32.094238513946	33.3322138533054	34.6957350736282	27.977953798952
PMCL657.mp.profile_sp	36.9761265773067	37.3118723176811	36.4109300568694	37.4778507474942	29.2201599636207	31.7432453932396	28.7794774391989	29.3768930447714	34.8517562154583	33.8247629924094	33.1747054058211	37.4181861513696	31.7377149892876	34.1827929174801	38.3038399533088	34.6363557276775	34.9216516527844	30.277836987377	25.4726265556335	31.7076778383308	35.9082737554593	29.7063002559036	35.2357103649494	31.9196201321209	28.968263959664	35.7560572013803	33.1644555581665	30.0612505974205	31.9576322930803	29.1742316740298	0	27.9872391164929	26.8772480998233	26.5339333705964	29.6401472716639	24.8328730602543	28.27944971571	26.2686899546692	27.4460783740308	28.0908306307245	29.8535523068439	35.0746905036577	33.850800726709	38.8898172520795	44.2376317329025	31.8923196264106	35.2324931548092	27.2865014707847	28.1968151666554	27.7882252024394	28.9590889802812	26.8620799410991	27.4943571894234	34.7813501080874	28.6496095063009	32.5431526412924	25.93357847997	26.721138451626	28.7104267076605	28.1773932507471	30.6601430395796	30.8617119756282	33.0770589491546	34.5792719767657	26.458096209784
PMCL662_S297.mp.profile_sp	32.4705667822076	31.3012078579123	32.6171166354422	32.1992504813503	20.9010125017341	22.9138278805637	21.0016709255851	21.7316567426263	25.1906414802122	23.6281404786216	26.8598267586177	30.3753082564291	25.3603947669772	25.4813375579116	31.5765732930526	24.8404178531583	24.0344917709229	21.5538073181369	15.7420740767633	25.2758100747269	29.0670099993858	20.4212105406851	30.5046799517414	24.5411591410521	20.5133127413558	31.428226522261	30.1971712442697	20.9351288648667	23.6270649598518	29.8456567829726	27.9872391164929	0	15.0915637867657	16.4984542138006	20.7877529564605	14.3175191601874	19.3438586124169	16.6754309900711	17.7441422136301	21.1221890642178	22.7329993054562	27.0568872494306	26.1781595985491	33.6263121104033	36.7996340500774	23.1168183420753	27.3782513216356	17.8081669036447	18.8714746060975	19.6148077644494	20.9705858977118	21.3150864260683	22.0598917732566	25.9062611728596	19.4867413329877	25.7621829430252	17.0296637738044	17.2522997728116	19.6143042854371	18.6305571528648	21.0841712578815	20.7061974235158	24.0809061486095	25.7159438505	17.650678085325
PMCL663_S298.mp.profile_sp	30.7411790216146	30.3119927182503	31.2511026532521	31.4930842620732	19.008397903792	21.341037816358	19.2206915560401	18.8633785332861	25.5128318339832	24.2675701027002	25.9843996359037	29.7686553424563	23.8741730762212	24.9951421316869	30.8958000515793	25.48150147956	24.5351173654273	19.2234697911464	13.9170222417075	23.7644656016368	28.2670957089165	19.4469138403953	29.2917138818772	24.6830471860268	19.0786579882256	29.8733794707613	28.2284833352007	17.989088154324	21.7470379683178	28.0804871905377	26.8772480998233	15.0915637867657	0	15.2846637498989	20.2764220574647	12.4168169421467	17.9532351513555	14.503903837444	15.388134068918	17.8283126151707	21.0474790199894	25.5477604507558	25.1635825004481	33.0350210311766	35.6490612585713	22.5415519268	26.4862338819499	16.4762420634517	17.8302834318834	19.3610486431548	20.9370003696784	19.9869493998726	19.3900267068323	25.4289982307687	18.9574889451475	24.6137678614271	14.3817380623888	16.0826118470558	19.4430040328666	17.385982027437	19.7956876354238	20.1068026840074	22.8711048837799	24.3872773597761	15.163432033702
PMCL683_S299.mp.profile_sp	30.5922185936526	30.1299836787724	30.8566658287787	30.4844666167972	19.1055643222566	19.9654220820118	18.4914365359953	19.2548103482879	24.3954839494033	23.1389311608891	24.9551498755241	27.3676282688572	22.0591683309369	24.1817062703641	30.34518137674	23.6021507196265	23.8292739008263	18.6064735525509	12.0908891735373	23.3723052384913	28.1094927622668	20.0776893080706	28.8366535964141	21.074474222148	15.9050827941728	28.9908168289792	30.1229022958072	19.483975748878	22.8840897629534	27.57996756954	26.5339333705964	16.4984542138006	15.2846637498989	0	17.1254748153748	11.981654727641	17.8958346607864	12.2980830722247	17.8766940178001	17.6023683118288	22.2709737827439	26.0503694386239	25.0428785372766	32.8990057890044	35.8778174230854	22.7451160751599	26.5509743068095	16.803624458916	18.5863588758204	20.2983483035774	21.8513614152445	20.5126325799329	20.1979062712666	26.1832689516818	18.7390575744283	23.6411522783566	14.7056187160217	15.4415489429463	18.968602686291	18.0397202144583	20.7302901380623	21.7069279989464	22.6520515541027	24.2866058348286	16.7127587868692
PMCL684_S300.mp.profile_sp	33.2802343311422	31.6525291201817	33.0383769756819	33.4161289094937	22.4502687599868	23.1091498368706	22.0697942798338	24.0800032610871	28.3965486915983	25.9689108399646	27.6543967837495	31.2519280938554	24.556393059297	28.3912629536681	32.1382500488052	27.9339095375834	26.8088765600882	21.3939906147084	16.3750384991537	26.4336914152857	29.9306272187805	23.7959707280217	30.8211243593136	24.7196388886873	21.0163938798921	31.336520576049	30.4683618249722	22.4489534644391	24.3605598324667	30.9658703065489	29.6401472716639	20.7877529564605	20.2764220574647	17.1254748153748	0	16.7096908647242	21.7233906535205	17.9644419587761	20.2595988535001	21.3077088926766	23.9818192109467	28.4180046834215	26.7765453295201	33.0978149369906	37.5279069196805	25.7693970196639	30.1839877691143	20.6771041084624	21.0664427149912	22.8332015940261	23.9726598986299	23.3880341773006	23.5672195439355	28.6873969873878	22.4296357313531	26.2912113157489	18.6081605625233	19.52708622562	22.4425672708329	21.7906532588544	23.5386737816893	24.2574395548701	25.5567282998561	27.2083129532027	20.3461087373733
PMCL706_S301.mp.profile_sp	28.4342939160544	28.1386403010971	28.6284525153269	29.2033018128834	16.8310125768558	18.4707313230248	16.591659720498	17.6671801282067	22.833078569299	20.5192051198719	22.9794441626161	26.7726867016844	20.6265504604351	22.2332578335293	28.8710707222969	22.3951860473173	21.8989366040415	17.3392825835405	8.8930470505932	22.0260978576066	26.5469021553869	17.6802329733063	27.3741727702768	19.5491044998661	15.0114105798448	27.740549705592	27.1259445300398	16.719496881105	20.2580578875561	26.1771181623589	24.8328730602543	14.3175191601874	12.4168169421467	11.981654727641	16.7096908647242	0	14.5643835229643	10.1334270069719	12.7959502621299	16.6145605379049	19.8736116530611	23.4884862422337	22.1154880447208	31.0052464368741	34.0870953592091	20.5414516042124	24.8156178025356	13.1408579127375	14.739535984024	15.8073077348294	17.622161866844	17.702121638828	17.609768651679	23.7188553483278	16.1039245197276	21.1906731969785	11.1818384187012	12.157297419371	16.1924501110043	15.0607623160287	18.318527358165	18.4530910887352	19.5169006549944	21.8892679301042	13.3723170780916
PMCL708_S302.mp.profile_sp	32.4059606569624	31.9602189707445	32.092147392691	33.2616489039397	20.4883460715949	22.6718822240365	21.6288144762579	21.4829112655553	26.6422164557095	24.5240539254283	26.1601486026486	29.6818189821783	24.3585104461466	27.1623468888618	31.9821474040846	26.5937256272906	26.4951484463209	21.6745956883789	16.5000904208008	25.8439107261452	29.3036609203958	22.51536622723	31.0719452773472	24.9506737598941	20.5070384653995	30.4987304418152	30.7774467486832	22.1108833082784	24.9500557760553	29.7109170245402	28.27944971571	19.3438586124169	17.9532351513555	17.8958346607864	21.7233906535205	14.5643835229643	0	17.2471742114754	19.0334521974883	21.3865581134803	22.7988917798334	26.5257191424747	25.7259066925732	33.1233219629325	35.4020696802302	24.8377604247531	28.3389641292927	18.5508398736502	20.2262729825547	20.2932607831232	21.763922618076	21.759605278487	23.1405652163386	26.528875878323	20.9250649103537	25.0500199745825	17.3680277836157	18.2382171969786	20.4351062707699	20.1983768786721	22.3776253215538	22.1884145336464	23.7746708773272	25.6030285732188	18.7786625299824
PMCL718_S303.mp.profile_sp	30.1832802566298	29.4861668954617	30.9598944867253	29.8491205175528	18.3133588309588	18.8784562489076	18.38402608523	20.1124074698799	23.0811746383556	21.6188838912529	24.1084014522162	27.2481948050718	23.0816134202059	22.8603925229826	29.6196835622344	22.7173401570819	23.1101720213302	17.1809254895871	9.04516061517923	23.8129624508241	28.270413224949	20.0616186964419	29.1296409252974	21.5550350341651	16.686399239026	29.6795739672017	29.1815381144392	19.228119578674	23.212086894745	27.7272361882458	26.2686899546692	16.6754309900711	14.503903837444	12.2980830722247	17.9644419587761	10.1334270069719	17.2471742114754	0	13.0092826945108	18.4687356246401	22.1848673190829	24.7014673940922	23.6267194945552	32.5163969022156	35.4470610951207	21.6960246812215	26.0286337445553	14.9542753531323	16.113576480207	18.6130670609111	20.0232364472941	19.5618202973441	19.5285302598662	25.5362887323599	17.8952191280229	23.3766712427164	11.6882747045697	14.4619712055638	18.6224522395694	17.6349133066932	19.9296038928091	20.9080946542017	21.3841795338129	23.250521608069	15.9194886488989
PMCL719_S304.mp.profile_sp	31.2401556416401	30.9294071712566	31.8620934812912	31.8868196055371	19.809525521188	21.4252206433857	20.0830887327309	21.0529646249629	23.9301636011154	23.2341032823555	25.3510351762577	28.5192495028937	24.4545988638649	23.8395653965613	30.4407698838808	24.3175976416249	24.8180854791668	20.0654271412681	13.1836038735515	25.0202493925009	29.0541214322777	21.7027512326311	29.9711243296915	24.8731573360047	20.2586295707944	31.5249178894822	29.2955981856805	19.369842745579	24.1116183316523	28.2708976517928	27.4460783740308	17.7441422136301	15.388134068918	17.8766940178001	20.2595988535001	12.7959502621299	19.0334521974883	13.0092826945108	0	20.7859554858727	23.0461934598133	25.6144925743312	25.0787001232944	32.8551176831357	35.7055919360907	22.9192386821383	27.3472482965544	16.3288463764271	17.691321367291	18.3618783145168	20.2695001715973	20.7140037649472	20.7718238108904	25.4691630876404	19.4119281941679	25.1595708780985	13.9571782042011	16.7163366364483	19.8602751997568	19.1105412423205	21.9094725802033	22.1639833731685	23.6953305588705	24.8741707819315	17.1509705742461
PMCL720.mp.profile_sp	31.8006849329669	32.1023001800833	32.3894095694188	32.8284147740136	21.1346577370816	22.8866614825595	21.8170038276326	20.7897960963904	28.7312895568941	28.0946993139675	28.376241760022	30.3618429524517	23.404187762374	28.3835910145353	31.8717421985226	28.8679424213904	27.5020575241678	21.9621507779145	17.7232911116593	24.0468486642599	28.0330637819763	21.6705388757102	29.1514252985941	22.8228324215983	17.6231714812859	28.893975266812	29.5208177105966	21.9426159401031	24.4315881843192	29.3466096998289	28.0908306307245	21.1221890642178	17.8283126151707	17.6023683118288	21.3077088926766	16.6145605379049	21.3865581134803	18.4687356246401	20.7859554858727	0	22.2187376970558	27.5259974033705	26.8637057323572	34.4367858365799	37.2886396289742	24.8145784824515	27.2769379645364	19.4091195402669	20.5400532419187	21.8475542803475	23.7882004896413	23.5346326184068	22.3662050241467	28.0154184447575	22.7803113189176	25.3510778241104	16.9399008562288	19.5925268566318	22.6159415331143	21.2998680035949	23.4737102778393	24.3136178088689	24.2000636861965	26.5190908100201	18.7573289839341
PMCL721.mp.profile_sp	33.5916200151818	33.2130790367834	34.3237370280277	35.8182988020705	24.206373404104	26.1472874877621	24.6331387033747	25.0239215932673	30.7432056442441	29.2112377679414	29.2910152956146	33.9104482303255	27.9223791306159	30.5924142828097	34.6118357146211	30.943164493663	30.0048076715078	25.4193128510251	21.0841770798877	28.7370176169415	31.9844286155007	23.6121692243708	32.6598175623318	27.4743119192304	23.7460134242755	30.7399520098169	31.1986157856378	24.66938332646	27.023288823278	31.5433578960275	29.8535523068439	22.7329993054562	21.0474790199894	22.2709737827439	23.9818192109467	19.8736116530611	22.7988917798334	22.1848673190829	23.0461934598133	22.2187376970558	0	30.1091115889536	28.1038937034027	35.7675189896005	40.016613139552	26.6342722502093	30.6578077949465	22.4622796318833	23.5415459186894	22.1006554276898	23.7608063713656	23.1366989096556	23.6902067316249	28.9082215411604	23.3833421350466	28.7008984403539	20.6981485930827	22.5508672319555	24.5375497031196	22.4958435748006	25.58419115561	25.3695628844159	26.4237379613316	29.2718206245059	20.8143614286438
PMCL726.mp.profile_sp	36.936368372456	34.8780564016485	36.2935937389407	38.972959543597	27.2933769541045	28.9787495812802	27.3313723186704	27.6527470820639	32.4118861851869	29.9119981557433	32.2278649350796	33.6259269082644	29.6473655822708	30.9266800455189	36.9030729421739	33.1881184681851	32.2545296193604	27.5386997405622	24.043690293135	32.0551977250401	35.4832717514606	29.0844986391329	36.536861129927	28.5360526932125	27.2477483627478	33.9307359632667	35.1371071913395	27.9604207783511	30.468766678527	35.5371115195817	35.0746905036577	27.0568872494306	25.5477604507558	26.0503694386239	28.4180046834215	23.4884862422337	26.5257191424747	24.7014673940922	25.6144925743312	27.5259974033705	30.1091115889536	0	27.4177779797751	35.0674702200966	40.1743072518937	31.1154958553758	34.0189216132342	26.2172774656092	26.8439610922592	28.0911207136357	28.5328887373082	30.0961619243015	29.2080954780789	32.7978499825751	27.9442278124498	31.166166012989	25.3957608824906	26.2981061958998	28.346858034125	27.1817444916182	28.8411554170147	29.1669707389808	25.5319892001191	26.340409127435	25.9313832522757
PMCL727.mp.profile_sp	34.9159099324942	35.4345911136107	35.6673255116795	37.7024046937359	27.2152405571957	28.3372615086523	26.1597691949819	27.8751241411789	31.4878550986389	28.2919070827065	29.9601995591592	34.1910661451241	28.5652235429252	32.3713759610057	36.1131795070008	32.2407473182503	31.1281510658166	27.2996928892811	23.0077468182041	31.3022733974681	35.2880148143653	27.9709203315473	36.1609460579641	28.659525123444	26.1300585210868	34.023963937664	33.8493864615731	27.9435703192225	29.2773114803372	35.2913005549046	33.850800726709	26.1781595985491	25.1635825004481	25.0428785372766	26.7765453295201	22.1154880447208	25.7259066925732	23.6267194945552	25.0787001232944	26.8637057323572	28.1038937034027	27.4177779797751	0	37.2507896225086	39.8355004666885	30.1980329835813	33.2404574948883	25.9423555575514	26.6618849138193	26.2127512200654	27.4694938787898	28.0088116505294	28.4301614281169	32.1713438242353	26.6331879232487	29.1127939512749	24.1261972286033	24.2395324544542	26.9635069161791	27.2828591426088	28.0004538160669	27.9875994130188	26.4486326056993	27.9540446661073	25.087551967587
PMCL730_S311.mp.profile_sp	43.0710628511523	40.1805527852414	40.87232637391	42.5162884788909	34.5156667002401	35.6021015319236	33.8605214181982	35.3511046753026	38.8492082645366	35.7704691888656	37.9681967028113	40.0457777711815	36.1520113905525	38.803013491121	42.7530066427544	39.0898324688494	38.2306568169196	35.8132887478583	31.6125407987244	38.0530915617981	41.0257133619834	35.0899315923444	42.1655094088292	35.9646050391324	34.9765724227578	38.8789113266296	38.5221872208308	34.9056313294581	36.3073765558399	40.6590367111038	38.8898172520795	33.6263121104033	33.0350210311766	32.8990057890044	33.0978149369906	31.0052464368741	33.1233219629325	32.5163969022156	32.8551176831357	34.4367858365799	35.7675189896005	35.0674702200966	37.2507896225086	0	43.6720035860298	37.1964372161176	40.0890247824592	32.3648373885991	32.6657368793189	33.9357789167133	33.9005305303692	34.4231152987919	34.7057166918268	40.175702524291	35.2073279148033	37.6963223413163	32.1977794478436	32.3165179294088	33.8331365676147	33.6795412174636	36.0697760935555	36.7174377728553	33.3040654493452	34.2781115391463	32.3837661155513
PMCL731_S312.mp.profile_sp	43.9053770560111	43.248577967387	44.7788747180141	42.9951351456813	37.3640504029274	37.6059001616186	36.9954825537398	36.9206242952029	40.0592130765734	38.1131241831554	38.8005165710523	40.1691482743641	39.3717109456924	40.7956108197163	43.8324662083706	40.392864375493	39.9542067663373	38.4422888597456	34.9518877187496	41.0363842414953	42.9552389149269	39.3278743080775	42.4542572260895	38.2194464490858	37.9938872232613	43.0823712887797	43.4467416655289	37.6371969880776	39.0423585054976	42.8029881797012	44.2376317329025	36.7996340500774	35.6490612585713	35.8778174230854	37.5279069196805	34.0870953592091	35.4020696802302	35.4470610951207	35.7055919360907	37.2886396289742	40.016613139552	40.1743072518937	39.8355004666885	43.6720035860298	0	41.4227672119705	43.1869902590022	37.9741688985713	37.9101465662149	38.7988316382436	39.8462105851322	40.4859720859683	40.3960215816466	42.2479953934691	38.9357427940341	39.8670665618491	36.2961709169262	35.6841559739712	37.7964177176456	38.0593787233392	39.0654618197978	38.4542235394276	37.20857575721	39.3834338093615	37.4505938479963
PMCL734_S305.mp.profile_sp	35.1155331431692	35.4063141238839	36.0529048307597	36.9690493809694	25.9655007259377	28.5277551137597	25.7675879632703	26.2685726008432	30.2660328629291	29.4237816876289	31.2470204729846	34.1742851795468	29.2023603872935	30.413138464602	35.8673832244236	30.7537063565484	30.6085769554048	25.5659551735369	21.4201155795513	29.2799453128975	33.6968477855661	22.799835550546	34.172947077151	29.1846065201532	24.0649686424058	36.0096795850013	34.7563618853557	25.1607855542845	28.2670419845744	33.1145854759483	31.8923196264106	23.1168183420753	22.5415519268	22.7451160751599	25.7693970196639	20.5414516042124	24.8377604247531	21.6960246812215	22.9192386821383	24.8145784824515	26.6342722502093	31.1154958553758	30.1980329835813	37.1964372161176	41.4227672119705	0	20.5929759773975	23.8115870084156	24.874619985927	24.7152559652088	26.001363891071	26.033807538297	27.3790614537325	27.9591961098743	22.5953130702987	29.2036850114887	21.2524657420002	23.6290998600521	27.4449561227286	25.6624549693855	24.2516419292176	25.4193780078895	27.3595995122529	29.9730205025477	23.105400530606
PMCL735_S306.mp.profile_sp	37.5320612606003	37.652413675636	38.1842336693567	39.2076489775204	29.1820300007495	31.8761623091557	29.7270921633474	28.5736591410063	33.4658951227998	32.9521174394043	34.0865024010516	36.0510222958649	32.0534614143647	33.7536204224338	37.7172767070607	34.5179296232749	33.7356063946242	29.9986465034144	26.3275865994525	31.9143176803787	36.0089470863911	26.8613866688173	35.5050668357391	32.2286303744581	27.3516148987711	37.5315318147184	36.7763460384069	29.0180929731128	31.4750340681959	36.3786303046744	35.2324931548092	27.3782513216356	26.4862338819499	26.5509743068095	30.1839877691143	24.8156178025356	28.3389641292927	26.0286337445553	27.3472482965544	27.2769379645364	30.6578077949465	34.0189216132342	33.2404574948883	40.0890247824592	43.1869902590022	20.5929759773975	0	28.0467653941135	28.6213827361137	28.518237081024	29.3492453400748	31.0577460493155	30.1391494394553	31.5532662247611	27.7014107987103	32.2506309197102	25.7000197805031	27.4390429557909	30.6173630530133	29.1190605053643	27.9740372954879	29.2904389019331	30.9162284245599	33.4708646904418	27.1236663284307
PMCL740_S313.mp.profile_sp	31.3463106472956	30.463931538847	31.6024903631109	31.4228861570409	19.9834203095234	21.4927965986059	20.6422418683753	20.693316501008	25.681962217952	24.3218619026005	26.3073475759105	29.5674799384636	23.3871635379375	24.8044311485686	31.2532528045909	25.0908567749221	24.7860670240789	21.1494322881953	14.5095783441097	24.6372681735969	28.946983603996	22.1004816792745	30.788648569332	23.04454884865	18.1500786090978	29.7115257340509	28.9689902366284	20.7045830137108	22.7774114210713	28.7630417675406	27.2865014707847	17.8081669036447	16.4762420634517	16.803624458916	20.6771041084624	13.1408579127375	18.5508398736502	14.9542753531323	16.3288463764271	19.4091195402669	22.4622796318833	26.2172774656092	25.9423555575514	32.3648373885991	37.9741688985713	23.8115870084156	28.0467653941135	0	14.5390545106517	18.4361099080695	20.1340441217902	19.5976795372629	20.1531148420706	26.3816876641791	19.2137846582163	24.5388962058697	14.9289546581295	14.7598970671615	18.2737750656539	17.1151163897895	22.0615410006424	22.5672765340774	23.2806485178054	24.9220304585266	16.5923183910639
PMCL741_S314.mp.profile_sp	32.4405695355395	32.3052739688308	33.0153092194192	31.6453658148123	21.3815107293268	22.1926679406469	20.8482971906363	22.7546712419216	26.2411052326895	25.5838387033775	27.4160901925209	31.3465517571671	24.3662828141643	25.4554709316709	31.7767842539316	25.9219768545492	25.3530427568099	21.9723192429263	15.3662767386052	26.057674660928	31.431845557389	22.4090740521913	30.5157140187362	24.8409320979143	20.8005074227538	30.2834907451803	29.4335026801412	22.5781167573525	24.6583585924651	30.9061550456397	28.1968151666554	18.8714746060975	17.8302834318834	18.5863588758204	21.0664427149912	14.739535984024	20.2262729825547	16.113576480207	17.691321367291	20.5400532419187	23.5415459186894	26.8439610922592	26.6618849138193	32.6657368793189	37.9101465662149	24.874619985927	28.6213827361137	14.5390545106517	0	20.6403149655174	20.950943349666	21.1829761026332	21.2032188747203	27.2074479167533	20.7212381311522	25.6477607532932	17.4388709427862	18.7370717821428	19.9694116375059	20.0439346024987	23.2887993043428	22.9496388027675	23.4767225658812	26.4689646851343	17.5508429242403
PMCL796.mp.profile_sp	31.9370703765436	32.3997171946105	31.8141924672294	33.4119606345256	22.1442370504909	24.0487522820084	23.0372575354805	24.4143133540928	28.5620802070182	25.9156660521385	28.4839203764858	33.0576347292436	25.7351255508225	27.5113042330346	32.8355050169864	28.0529273475321	26.4686778950759	24.5592224128992	18.6099532273665	26.1064977057235	30.5765686989601	22.0862399405585	31.7355467702131	26.1417103590847	21.8715822934505	31.088541780666	30.419781366685	22.4253570766437	24.269816029451	30.1332735889117	27.7882252024394	19.6148077644494	19.3610486431548	20.2983483035774	22.8332015940261	15.8073077348294	20.2932607831232	18.6130670609111	18.3618783145168	21.8475542803475	22.1006554276898	28.0911207136357	26.2127512200654	33.9357789167133	38.7988316382436	24.7152559652088	28.518237081024	18.4361099080695	20.6403149655174	0	14.001017161755	22.374523680826	21.9423627416454	26.5969960539115	20.4272010461291	26.5354744140038	16.8368560702215	19.3930618641056	21.9399425014745	20.3471685189439	23.2608307301634	23.0593839735975	24.0517267547581	27.2778849465455	18.8839510991493
PMCL797.mp.profile_sp	33.1930246594373	32.6580883410926	32.9955511550782	34.7669759075853	23.296792730874	25.5943506036081	23.8710880332808	25.8984623413646	29.1201250225177	26.1470573369006	29.465405927156	34.1952908660042	26.9561109252111	28.3040326379334	34.1057471722101	29.3895313213338	27.9491040679006	25.2430635464419	19.8149268724013	28.139422788125	32.2873668157117	23.4015449228454	33.1843551738833	27.7319978808585	23.6405719082836	31.4534156152909	30.9984169774909	24.2410257002983	25.7093028738615	32.2024204827716	28.9590889802812	20.9705858977118	20.9370003696784	21.8513614152445	23.9726598986299	17.622161866844	21.763922618076	20.0232364472941	20.2695001715973	23.7882004896413	23.7608063713656	28.5328887373082	27.4694938787898	33.9005305303692	39.8462105851322	26.001363891071	29.3492453400748	20.1340441217902	20.950943349666	14.001017161755	0	22.8768488723425	23.3089603767788	28.6128391045176	22.1398425639885	28.0587354281545	18.6457973813415	20.5720326924189	23.330432451622	22.03448603017	24.7006578685933	24.6688657086344	25.3072206138071	27.8104101090372	20.3795248365893
PMCL800.mp.profile_sp	32.795976074345	31.4059756978972	33.3353945145846	34.8230453313751	23.8623003488522	25.7084400594796	22.8636203097032	24.0565176265588	29.9811254810586	27.6604001653601	29.8469500918541	33.4373998637331	26.5115394597705	30.0246167764157	34.5747525241135	29.1807057246859	29.1862340229776	24.0684428877656	18.6754704917599	28.6123012507215	31.3631439246383	24.4531434724262	33.2377209026111	27.5319682781987	23.4723252133809	31.3605012056895	29.9234355353876	23.7084735957427	25.9746045418436	30.3685796316905	26.8620799410991	21.3150864260683	19.9869493998726	20.5126325799329	23.3880341773006	17.702121638828	21.759605278487	19.5618202973441	20.7140037649472	23.5346326184068	23.1366989096556	30.0961619243015	28.0088116505294	34.4231152987919	40.4859720859683	26.033807538297	31.0577460493155	19.5976795372629	21.1829761026332	22.374523680826	22.8768488723425	0	16.8058596316508	28.6442494881695	21.5969524050357	27.5664145392456	19.368148272288	19.579837772579	21.9003380267095	19.8149751873648	25.3609150175036	25.1560636388358	24.9235250774597	26.5091549762684	18.8697645670109
PMCL801.mp.profile_sp	31.8596409857544	30.6049043841878	33.2683375070218	34.5370779700625	23.4897417632789	25.3667652114836	21.8160401784518	23.3578236677392	30.9029423139885	28.7779873687891	29.6135832236151	33.1420889479615	25.3503333244769	29.902913402786	33.5353024835415	30.019895378033	29.2347002910328	23.4471741654332	18.8911041252854	27.7377171063282	30.0141645182597	23.5040218385986	32.3227450266594	25.3931336753771	22.2423629674472	31.3972056981887	30.4666927650744	22.3879538547403	24.2792222997507	30.6107154363986	27.4943571894234	22.0598917732566	19.3900267068323	20.1979062712666	23.5672195439355	17.609768651679	23.1405652163386	19.5285302598662	20.7718238108904	22.3662050241467	23.6902067316249	29.2080954780789	28.4301614281169	34.7057166918268	40.3960215816466	27.3790614537325	30.1391494394553	20.1531148420706	21.2032188747203	21.9423627416454	23.3089603767788	16.8058596316508	0	28.7279630703312	22.7855151090237	27.5368426287993	18.9562357230609	19.7434796791103	22.5593598537316	20.5342614978265	25.9154766638212	25.8767956116868	27.1706457362766	28.3668807333503	18.9116342603194
PMCL805_S307.mp.profile_sp	37.3185550809143	37.3688544252216	38.3412057968454	39.2551703542559	28.9985220127078	30.4191523110425	27.6593837269669	28.4488423328454	31.6237078369813	30.8555713596344	32.767691413676	36.3800393803341	31.0375321830232	32.8077648079329	37.0228095531601	32.5680754456941	31.2667523438328	28.7798096254999	24.7333573819863	32.7393369772867	35.4657473928489	26.6188333721737	36.8625448588179	30.981841097429	27.7090962152783	38.6453578989664	37.0723780115099	26.6142980436809	29.9137861920177	34.7851572264442	34.7813501080874	25.9062611728596	25.4289982307687	26.1832689516818	28.6873969873878	23.7188553483278	26.528875878323	25.5362887323599	25.4691630876404	28.0154184447575	28.9082215411604	32.7978499825751	32.1713438242353	40.175702524291	42.2479953934691	27.9591961098743	31.5532662247611	26.3816876641791	27.2074479167533	26.5969960539115	28.6128391045176	28.6442494881695	28.7279630703312	0	22.1748257309841	32.4641114069199	24.4026967735365	25.3086251016906	27.8856930991361	26.7748664676597	26.494873028151	26.0387258618504	30.6680606672163	32.7008051111118	25.9672497198367
PMCL806_S308.mp.profile_sp	32.9667540061564	32.2161953114608	32.6393831877681	34.0812905696428	23.375083235203	25.2149953622121	21.5820595934445	23.1438417816718	27.1311554835079	25.8332497379145	27.9591500622216	31.2690478848759	26.5049032407329	27.5078472157213	34.0155284621735	26.661876597665	26.3028000075869	23.0126578228855	17.2304436097343	26.6825998838467	31.2088552101856	21.8080924267013	32.2385154731043	26.2696701763145	21.66897144684	32.4269364402016	31.1240378279867	22.2785262141297	24.6734452149417	29.6154634351242	28.6496095063009	19.4867413329877	18.9574889451475	18.7390575744283	22.4296357313531	16.1039245197276	20.9250649103537	17.8952191280229	19.4119281941679	22.7803113189176	23.3833421350466	27.9442278124498	26.6331879232487	35.2073279148033	38.9357427940341	22.5953130702987	27.7014107987103	19.2137846582163	20.7212381311522	20.4272010461291	22.1398425639885	21.5969524050357	22.7855151090237	22.1748257309841	0	26.3427110576718	17.9166574332894	18.7986037434994	21.8143114349499	20.0707691292103	21.8570228782244	21.9350013670084	24.8555788120975	26.7271492066732	18.724729050212
PMCL813.mp.profile_sp	33.9412630410328	35.481835741816	35.5229190807119	37.0751565340667	26.8688008900155	27.5916348257453	26.2185830723517	26.283778078482	32.0717134549951	30.2039145408316	31.2500367357894	33.5469543089916	28.5918825261869	31.859644533329	36.100787859625	31.309530446667	30.5182682927392	26.9837314260355	22.6181649641236	29.2651410994347	32.2586634089726	27.1977342687989	33.1112250760048	28.2175559221846	24.8501037376214	34.3200001414676	33.4658585828689	26.9282164637048	28.7877762011896	32.1668505366064	32.5431526412924	25.7621829430252	24.6137678614271	23.6411522783566	26.2912113157489	21.1906731969785	25.0500199745825	23.3766712427164	25.1595708780985	25.3510778241104	28.7008984403539	31.166166012989	29.1127939512749	37.6963223413163	39.8670665618491	29.2036850114887	32.2506309197102	24.5388962058697	25.6477607532932	26.5354744140038	28.0587354281545	27.5664145392456	27.5368426287993	32.4641114069199	26.3427110576718	0	23.5929719074881	24.0183996373931	26.9160692632296	26.7050533116286	28.6413854469134	28.5065769757245	29.2131451034898	30.3678560340381	23.7933956396252
PMCL817.mp.profile_sp	29.9123715861271	29.8571548855336	30.175504595251	30.1581395915146	19.3740675677463	20.5295718628429	19.378124372833	20.5734480800509	25.1611722097017	22.6198313084393	24.8066018555335	29.3435478801852	22.3580446695456	24.7426232031997	29.737685902469	24.5290624796619	24.448301746913	18.8730291326706	12.9923233413015	23.2660309316453	26.886251829536	18.3151266583795	28.8614839488217	21.8669672942494	17.2372903029885	28.0238091571196	27.7258941387071	18.6188520584974	21.4824107026423	27.3883127895185	25.93357847997	17.0296637738044	14.3817380623888	14.7056187160217	18.6081605625233	11.1818384187012	17.3680277836157	11.6882747045697	13.9571782042011	16.9399008562288	20.6981485930827	25.3957608824906	24.1261972286033	32.1977794478436	36.2961709169262	21.2524657420002	25.7000197805031	14.9289546581295	17.4388709427862	16.8368560702215	18.6457973813415	19.368148272288	18.9562357230609	24.4026967735365	17.9166574332894	23.5929719074881	0	15.326844569886	19.3484469558854	18.3173275107163	20.7465076195887	22.1231532425517	21.9820318732822	24.2410998787203	15.2029260846961
PMCL818.mp.profile_sp	30.993176109298	30.177825646614	30.797417543059	31.0723857574598	19.4204813488401	21.1857819015603	19.2553905840668	20.0358026503385	23.855776951792	22.5355325538155	25.5467701964034	28.5724822965242	22.5985889389458	23.8302314927537	30.0422069849699	24.057747955363	23.860903330738	19.9888811045256	13.016105650513	24.5229010318309	28.3415440277726	21.4293218098706	29.4147166240595	22.0987756481817	17.3283143337632	30.0377324032655	29.2909756120191	19.642556077101	22.9471630026819	28.2185061202598	26.721138451626	17.2522997728116	16.0826118470558	15.4415489429463	19.52708622562	12.157297419371	18.2382171969786	14.4619712055638	16.7163366364483	19.5925268566318	22.5508672319555	26.2981061958998	24.2395324544542	32.3165179294088	35.6841559739712	23.6290998600521	27.4390429557909	14.7598970671615	18.7370717821428	19.3930618641056	20.5720326924189	19.579837772579	19.7434796791103	25.3086251016906	18.7986037434994	24.0183996373931	15.326844569886	0	16.8337748129418	15.8445553207163	20.6865383050232	21.1334119266246	22.9303282914066	24.8574858140736	15.9705318102371
PMCL820_S309.mp.profile_sp	33.2297645146926	32.4286703022412	33.3351699385617	32.9314654919956	22.4888543794894	24.1987961423547	22.4044022941962	22.2494668745056	27.3949174988172	25.1260724276309	26.6650357312974	30.8703510757838	25.5902076874197	26.070446841673	33.0914694057595	27.1625981102491	26.3182387469576	24.2693475510819	17.4548333282419	26.7869698492092	29.6664155751483	23.7764593737652	31.6083210374684	24.6442781936936	20.5488163381285	32.1711347670714	30.5411931856727	22.8827995687511	25.8514075489479	29.9883621056911	28.7104267076605	19.6143042854371	19.4430040328666	18.968602686291	22.4425672708329	16.1924501110043	20.4351062707699	18.6224522395694	19.8602751997568	22.6159415331143	24.5375497031196	28.346858034125	26.9635069161791	33.8331365676147	37.7964177176456	27.4449561227286	30.6173630530133	18.2737750656539	19.9694116375059	21.9399425014745	23.330432451622	21.9003380267095	22.5593598537316	27.8856930991361	21.8143114349499	26.9160692632296	19.3484469558854	16.8337748129418	0	14.7809439139195	23.8539443565255	23.2609619780287	24.6278888821314	26.2500532046733	18.8702351449176
PMCL821_S310.mp.profile_sp	31.301494272497	31.3809666883844	32.7547454878853	32.3818080011297	21.6426221454077	23.520502842647	21.253866717762	20.7083222596114	27.8749423159251	25.4484542416439	27.6638595595097	31.1110088419181	24.638459287335	26.4463568957683	33.7715634897693	27.4328402933288	27.1651033120458	22.0706235403631	16.821251410718	25.1813297705412	29.0892938668741	21.6931700193388	30.4123495901824	24.274324374877	19.3866639462908	30.3301938571599	29.0246893296509	21.321351720052	24.3488897376904	29.4401638432717	28.1773932507471	18.6305571528648	17.385982027437	18.0397202144583	21.7906532588544	15.0607623160287	20.1983768786721	17.6349133066932	19.1105412423205	21.2998680035949	22.4958435748006	27.1817444916182	27.2828591426088	33.6795412174636	38.0593787233392	25.6624549693855	29.1190605053643	17.1151163897895	20.0439346024987	20.3471685189439	22.03448603017	19.8149751873648	20.5342614978265	26.7748664676597	20.0707691292103	26.7050533116286	18.3173275107163	15.8445553207163	14.7809439139195	0	22.4171580607827	21.5394791174508	23.6627287837879	25.1640709914037	16.899969468862
PMCL822.mp.profile_sp	34.1825706837198	33.4299277488913	35.128488928569	35.3863165132071	23.726413987866	25.3259733954432	23.3302246631339	23.9073517777909	28.0032761170958	26.5444481987607	27.8270375164976	31.8971051354614	28.387332802778	28.2881780926257	34.4447946189427	28.0744239416802	27.8125510382766	23.4409746222463	19.0771332319289	28.2183991857012	31.9575264525806	22.796145978585	32.1504938630142	26.8188068337507	22.7832278037404	33.5947551293912	32.8628654348327	24.0129358365561	27.3246732317763	31.3219208044288	30.6601430395796	21.0841712578815	19.7956876354238	20.7302901380623	23.5386737816893	18.318527358165	22.3776253215538	19.9296038928091	21.9094725802033	23.4737102778393	25.58419115561	28.8411554170147	28.0004538160669	36.0697760935555	39.0654618197978	24.2516419292176	27.9740372954879	22.0615410006424	23.2887993043428	23.2608307301634	24.7006578685933	25.3609150175036	25.9154766638212	26.494873028151	21.8570228782244	28.6413854469134	20.7465076195887	20.6865383050232	23.8539443565255	22.4171580607827	0	13.9432101170901	25.2533472001074	27.5796411905503	21.9464517203715
PMCL823.mp.profile_sp	34.2228908709865	34.2508773932787	35.6322714931624	35.4018405998484	24.1570428734868	25.4686065525772	23.5709477146133	23.5507393932537	28.6323952705911	26.4164836829649	27.9421452443754	32.4364889579306	28.6011631769876	28.6160573575921	34.8551098781997	28.2860373902541	27.8961436875689	23.7632470243439	19.5586368750797	27.3999806175761	32.3197167805183	23.4999817847765	32.6175710783867	27.8773668764135	24.0029578315861	34.1016951001648	32.0460036702255	23.894568045892	27.3899872972347	32.094238513946	30.8617119756282	20.7061974235158	20.1068026840074	21.7069279989464	24.2574395548701	18.4530910887352	22.1884145336464	20.9080946542017	22.1639833731685	24.3136178088689	25.3695628844159	29.1669707389808	27.9875994130188	36.7174377728553	38.4542235394276	25.4193780078895	29.2904389019331	22.5672765340774	22.9496388027675	23.0593839735975	24.6688657086344	25.1560636388358	25.8767956116868	26.0387258618504	21.9350013670084	28.5065769757245	22.1231532425517	21.1334119266246	23.2609619780287	21.5394791174508	13.9432101170901	0	25.9753801322379	28.0004536565834	21.957422578226
PMCL824.mp.profile_sp	33.4958894681226	32.9458093194779	33.937634245555	35.3502645188234	25.6731741454907	26.0207529355209	25.4611250551897	26.0892874483254	30.4955615359345	26.9656003241304	30.4937867914506	30.6719600666948	27.1656909205637	29.8516947495383	35.1908258398466	30.1568602094806	29.5247784374076	25.5192795343378	21.3773256824977	30.8252079516851	34.1873699012961	25.4673845401595	35.7497481201627	26.2539216063383	24.0811051563549	31.3920446701697	32.7178546379148	25.2337254813542	28.4639605877178	33.3322138533054	33.0770589491546	24.0809061486095	22.8711048837799	22.6520515541027	25.5567282998561	19.5169006549944	23.7746708773272	21.3841795338129	23.6953305588705	24.2000636861965	26.4237379613316	25.5319892001191	26.4486326056993	33.3040654493452	37.20857575721	27.3595995122529	30.9162284245599	23.2806485178054	23.4767225658812	24.0517267547581	25.3072206138071	24.9235250774597	27.1706457362766	30.6680606672163	24.8555788120975	29.2131451034898	21.9820318732822	22.9303282914066	24.6278888821314	23.6627287837879	25.2533472001074	25.9753801322379	0	19.9105751331293	22.1767406937693
PMCL825.mp.profile_sp	34.9377614214833	33.0957916533247	35.3166626278408	38.4792884652336	26.4414229940372	27.6113947007452	26.3470658199318	27.1169387520523	31.630703497623	29.2471019274428	31.4882478921691	32.2255745973117	29.6203519554009	31.6823788510384	37.0089947791523	31.7736598374931	32.0275455979093	26.829410736582	22.7768053438602	31.9559268706194	35.5149017612919	28.6290442882848	37.414453731338	29.0254894646188	26.7719405419988	34.2973236922568	33.844864602339	26.3724087020246	29.7025095810914	34.6957350736282	34.5792719767657	25.7159438505	24.3872773597761	24.2866058348286	27.2083129532027	21.8892679301042	25.6030285732188	23.250521608069	24.8741707819315	26.5190908100201	29.2718206245059	26.340409127435	27.9540446661073	34.2781115391463	39.3834338093615	29.9730205025477	33.4708646904418	24.9220304585266	26.4689646851343	27.2778849465455	27.8104101090372	26.5091549762684	28.3668807333503	32.7008051111118	26.7271492066732	30.3678560340381	24.2410998787203	24.8574858140736	26.2500532046733	25.1640709914037	27.5796411905503	28.0004536565834	19.9105751331293	0	24.3013318957663
PMCL883.mp.profile_sp	30.0905694009862	30.9398120590291	31.4193932724077	31.7500068462602	20.5382016034844	23.3205265950669	19.977658773959	20.7256127726725	27.8973842575366	24.7918890233091	26.8608111916902	31.0633263579605	23.6468984171289	26.250988649652	32.3748920193111	26.2458566017083	26.0470470171147	20.815948806403	14.8846969437138	24.7756803433311	28.575545765529	20.3483966521499	30.6893648652623	23.5460496096954	18.0463154098599	29.1791331831359	28.4181557287628	20.8482757612696	23.2925188621995	27.977953798952	26.458096209784	17.650678085325	15.163432033702	16.7127587868692	20.3461087373733	13.3723170780916	18.7786625299824	15.9194886488989	17.1509705742461	18.7573289839341	20.8143614286438	25.9313832522757	25.087551967587	32.3837661155513	37.4505938479963	23.105400530606	27.1236663284307	16.5923183910639	17.5508429242403	18.8839510991493	20.3795248365893	18.8697645670109	18.9116342603194	25.9672497198367	18.724729050212	23.7933956396252	15.2029260846961	15.9705318102371	18.8702351449176	16.899969468862	21.9464517203715	21.957422578226	22.1767406937693	24.3013318957663	0
